{
  "project_info": {
    "project_number": "340518116078",
    "project_id": "fir-sciencex",
    "storage_bucket": "fir-sciencex.appspot.com"
  },
  "client": [
    {
      "client_info": {
        "mobilesdk_app_id": "1:340518116078:android:f3308fd0df782af03171ff",
        "android_client_info": {
          "package_name": "Robin.Do"
        }
      },
      "oauth_client": [
        {
          "client_id": "340518116078-9dlcjhrvdbmbtm6ngq7jf1uan70sepgo.apps.googleusercontent.com",
          "client_type": 3
        }
      ],
      "api_key": [
        {
          "current_key": "AIzaSyCrSx2kDRN4X0xthCnHEOtVYFR2jLViUZc"
        }
      ],
      "services": {
        "appinvite_service": {
          "other_platform_oauth_client": [
            {
              "client_id": "340518116078-9dlcjhrvdbmbtm6ngq7jf1uan70sepgo.apps.googleusercontent.com",
              "client_type": 3
            },
            {
              "client_id": "340518116078-cr1mbm8d7o3tk2e9ist3t391m2t4o302.apps.googleusercontent.com",
              "client_type": 2,
              "ios_info": {
                "bundle_id": "Robin.Do"
              }
            }
          ]
        }
      }
    }
  ],
  "configuration_version": "1"
}